Ref,Val,Package,PosX,PosY,Rot,Side
"C1","47uF 50V","CP_Elec_8x10",26.725000,101.425000,0.000000,top
"C2","100nF","C_0805_2012Metric_Pad1.18x1.45mm_HandSolder",34.305000,104.845000,0.000000,top
"C3","10uF","C_0805_2012Metric_Pad1.18x1.45mm_HandSolder",31.755000,95.595000,0.000000,top
"C4","1uF","C_0805_2012Metric_Pad1.18x1.45mm_HandSolder",91.645000,111.995000,0.000000,top
"C5","1uF","C_0805_2012Metric_Pad1.18x1.45mm_HandSolder",77.195000,108.145000,0.000000,top
"C6","10uF","C_1210_3225Metric_Pad1.33x2.70mm_HandSolder",80.954999,103.575000,0.000000,top
"C7","10uF","C_1210_3225Metric_Pad1.33x2.70mm_HandSolder",86.365000,103.575000,0.000000,top
"C8","100nF","C_0805_2012Metric_Pad1.18x1.45mm_HandSolder",113.215000,100.995000,0.000000,top
"C9","100nF","C_0805_2012Metric_Pad1.18x1.45mm_HandSolder",82.215000,68.995000,0.000000,top
"C10","100nF","C_0805_2012Metric_Pad1.18x1.45mm_HandSolder",166.605000,68.995000,0.000000,top
"C11","100nF","C_0805_2012Metric_Pad1.18x1.45mm_HandSolder",170.815000,68.995000,0.000000,top
"C12","100nF","C_0805_2012Metric_Pad1.18x1.45mm_HandSolder",161.755000,100.995000,0.000000,top
"C13","100nF","C_0805_2012Metric_Pad1.18x1.45mm_HandSolder",180.405000,95.145000,0.000000,top
"C14","100nF","C_0805_2012Metric_Pad1.18x1.45mm_HandSolder",153.905000,84.295001,0.000000,top
"C15","100nF","C_0805_2012Metric_Pad1.18x1.45mm_HandSolder",158.115000,84.295001,0.000000,top
"C16","100nF","C_0805_2012Metric_Pad1.18x1.45mm_HandSolder",162.325000,84.295001,0.000000,top
"C17","100nF","C_0805_2012Metric_Pad1.18x1.45mm_HandSolder",166.535000,84.295001,0.000000,top
"C21","100nF","C_0805_2012Metric_Pad1.18x1.45mm_HandSolder",158.055000,64.945000,0.000000,top
"C22","100nF","C_0805_2012Metric_Pad1.18x1.45mm_HandSolder",174.855000,64.945000,0.000000,top
"C23","100nF","C_0805_2012Metric_Pad1.18x1.45mm_HandSolder",162.205000,61.095000,0.000000,top
"C24","100nF","C_0805_2012Metric_Pad1.18x1.45mm_HandSolder",179.005000,61.095000,0.000000,top
"C25","100nF","C_0805_2012Metric_Pad1.18x1.45mm_HandSolder",166.495000,57.245000,0.000000,top
"C26","100nF","C_0805_2012Metric_Pad1.18x1.45mm_HandSolder",153.905000,53.395000,0.000000,top
"C27","100nF","C_0805_2012Metric_Pad1.18x1.45mm_HandSolder",170.705000,53.395000,0.000000,top
"C28","100nF","C_0805_2012Metric_Pad1.18x1.45mm_HandSolder",158.055000,49.545000,0.000000,top
"D1","SS54","D_SMC",28.375000,109.625000,0.000000,top
"D2","SMAJ33CA","D_SMA",17.525000,104.075000,0.000000,top
"D3","GRN","LED_0805_2012Metric_Pad1.15x1.40mm_HandSolder",27.575000,95.625000,0.000000,top
"D4","1N4148W","D_SOD-123",73.375000,111.825000,0.000000,top
"D5","1N4148W","D_SOD-123",78.525000,111.825000,0.000000,top
"D6","BAT54S","SOT-23",72.945000,107.425000,0.000000,top
"D7","SS34","D_SMA",87.175000,107.375000,0.000000,top
"D8","SS34","D_SMA",74.525000,103.425000,0.000000,top
"D9","YEL","LED_0805_2012Metric_Pad1.15x1.40mm_HandSolder",72.875000,100.275000,0.000000,top
"D10","GRN","LED_0805_2012Metric_Pad1.15x1.40mm_HandSolder",82.375000,100.275000,0.000000,top
"D11","BLU","LED_0805_2012Metric_Pad1.15x1.40mm_HandSolder",121.625000,82.175000,0.000000,top
"D12","SMAJ12CA","D_SMA",159.274999,94.375000,0.000000,top
"D13","SMAJ12CA","D_SMA",166.725000,94.375000,0.000000,top
"D21","RED","LED_0805_2012Metric_Pad1.15x1.40mm_HandSolder",19.075000,122.025000,0.000000,top
"D22","RED","LED_0805_2012Metric_Pad1.15x1.40mm_HandSolder",42.075000,122.025000,0.000000,top
"D23","RED","LED_0805_2012Metric_Pad1.15x1.40mm_HandSolder",65.075000,122.025000,0.000000,top
"D24","RED","LED_0805_2012Metric_Pad1.15x1.40mm_HandSolder",88.075000,122.025000,0.000000,top
"D25","RED","LED_0805_2012Metric_Pad1.15x1.40mm_HandSolder",111.075000,122.025000,0.000000,top
"D26","RED","LED_0805_2012Metric_Pad1.15x1.40mm_HandSolder",134.075000,122.025000,0.000000,top
"D27","RED","LED_0805_2012Metric_Pad1.15x1.40mm_HandSolder",157.075000,122.025000,0.000000,top
"D28","RED","LED_0805_2012Metric_Pad1.15x1.40mm_HandSolder",180.075000,122.025000,0.000000,top
"D31","SS14","D_SMA",19.115000,68.225000,0.000000,top
"D32","SS14","D_SMA",48.655000,68.225000,0.000000,top
"D33","SS14","D_SMA",14.825000,64.275000,0.000000,top
"D34","SS14","D_SMA",44.365000,64.275000,0.000000,top
"D35","SS14","D_SMA",10.675000,60.325000,0.000000,top
"D36","SS14","D_SMA",40.215000,60.325000,0.000000,top
"D37","SS14","D_SMA",6.525000,56.375000,0.000000,top
"D38","SS14","D_SMA",36.065000,56.375000,0.000000,top
"D41","YEL","LED_0805_2012Metric_Pad1.15x1.40mm_HandSolder",30.265000,69.025000,0.000000,top
"D42","YEL","LED_0805_2012Metric_Pad1.15x1.40mm_HandSolder",59.805000,69.025000,0.000000,top
"D43","YEL","LED_0805_2012Metric_Pad1.15x1.40mm_HandSolder",25.975000,65.075000,0.000000,top
"D44","YEL","LED_0805_2012Metric_Pad1.15x1.40mm_HandSolder",55.515000,65.075000,0.000000,top
"D45","YEL","LED_0805_2012Metric_Pad1.15x1.40mm_HandSolder",21.825000,61.125000,0.000000,top
"D46","YEL","LED_0805_2012Metric_Pad1.15x1.40mm_HandSolder",51.365000,61.125000,0.000000,top
"D47","YEL","LED_0805_2012Metric_Pad1.15x1.40mm_HandSolder",17.675000,57.175000,0.000000,top
"D48","YEL","LED_0805_2012Metric_Pad1.15x1.40mm_HandSolder",47.215000,57.175000,0.000000,top
"D61","BAT54S","SOT-23",162.305000,64.225000,0.000000,top
"D62","BAT54S","SOT-23",179.105000,64.225000,0.000000,top
"D63","BAT54S","SOT-23",166.455000,60.375000,0.000000,top
"D64","BAT54S","SOT-23",153.945000,56.525000,0.000000,top
"D65","BAT54S","SOT-23",170.745000,56.525000,0.000000,top
"D66","BAT54S","SOT-23",158.154999,52.675000,0.000000,top
"D67","BAT54S","SOT-23",174.955000,52.675000,0.000000,top
"D68","BAT54S","SOT-23",162.305000,48.825000,0.000000,top
"D101","GRN","LED_0805_2012Metric_Pad1.15x1.40mm_HandSolder",104.945000,69.025000,0.000000,top
"D102","GRN","LED_0805_2012Metric_Pad1.15x1.40mm_HandSolder",123.745000,69.025000,0.000000,top
"D103","GRN","LED_0805_2012Metric_Pad1.15x1.40mm_HandSolder",142.545000,69.025000,0.000000,top
"D104","GRN","LED_0805_2012Metric_Pad1.15x1.40mm_HandSolder",79.375000,50.175000,0.000000,top
"D105","GRN","LED_0805_2012Metric_Pad1.15x1.40mm_HandSolder",107.225000,50.175000,0.000000,top
"D106","GRN","LED_0805_2012Metric_Pad1.15x1.40mm_HandSolder",126.025000,50.175000,0.000000,top
"D107","GRN","LED_0805_2012Metric_Pad1.15x1.40mm_HandSolder",144.825000,50.175000,0.000000,top
"D108","GRN","LED_0805_2012Metric_Pad1.15x1.40mm_HandSolder",84.525000,38.925000,0.000000,top
"D109","GRN","LED_0805_2012Metric_Pad1.15x1.40mm_HandSolder",112.375000,38.925000,0.000000,top
"D110","GRN","LED_0805_2012Metric_Pad1.15x1.40mm_HandSolder",131.175000,38.925000,0.000000,top
"D111","GRN","LED_0805_2012Metric_Pad1.15x1.40mm_HandSolder",69.875000,27.675000,0.000000,top
"D112","GRN","LED_0805_2012Metric_Pad1.15x1.40mm_HandSolder",88.675000,27.675000,0.000000,top
"D113","GRN","LED_0805_2012Metric_Pad1.15x1.40mm_HandSolder",116.525000,27.675000,0.000000,top
"D114","GRN","LED_0805_2012Metric_Pad1.15x1.40mm_HandSolder",135.325000,27.675000,0.000000,top
"D115","GRN","LED_0805_2012Metric_Pad1.15x1.40mm_HandSolder",75.225000,16.425000,0.000000,top
"D116","GRN","LED_0805_2012Metric_Pad1.15x1.40mm_HandSolder",94.025000,16.425000,0.000000,top
"D121","1N4148W","D_SOD-123",109.595000,68.825000,0.000000,top
"D122","1N4148W","D_SOD-123",128.395000,68.825000,0.000000,top
"D123","1N4148W","D_SOD-123",147.195000,68.825000,0.000000,top
"D124","1N4148W","D_SOD-123",84.025000,49.975000,0.000000,top
"D125","1N4148W","D_SOD-123",111.875000,49.975000,0.000000,top
"D126","1N4148W","D_SOD-123",130.675000,49.975000,0.000000,top
"D127","1N4148W","D_SOD-123",70.375000,38.725000,0.000000,top
"D128","1N4148W","D_SOD-123",89.175000,38.725000,0.000000,top
"D129","1N4148W","D_SOD-123",117.025000,38.725000,0.000000,top
"D130","1N4148W","D_SOD-123",135.825000,38.725000,0.000000,top
"D131","1N4148W","D_SOD-123",74.525000,27.475000,0.000000,top
"D132","1N4148W","D_SOD-123",93.325000,27.475000,0.000000,top
"D133","1N4148W","D_SOD-123",121.175000,27.475000,0.000000,top
"D134","1N4148W","D_SOD-123",139.975000,27.475000,0.000000,top
"D135","1N4148W","D_SOD-123",79.875000,16.225000,0.000000,top
"D136","1N4148W","D_SOD-123",98.675000,16.225000,0.000000,top
"F1","4A T","Fuse_Littelfuse_395Series",15.985000,110.725000,0.000000,top
"F2","0.5A 30V","Fuse_1812_4532Metric",16.975000,94.625000,0.000000,top
"J1","24VDC_IN","PhoenixContact_MSTBA_2,5_2-G-5,08_1x02_P5.08mm_Horizontal",10.530000,110.000000,-90.000000,top
"J2","ESTOP","PhoenixContact_MC_1,5_2-G-3.5_1x02_P3.50mm_Horizontal",8.530000,94.000000,-90.000000,top
"J3","RPI5_40PIN","IDC-Header_2x20_P2.54mm_Vertical",130.000000,108.000000,90.000000,top
"J4","RS485","PhoenixContact_MC_1,5_3-G-3.5_1x03_P3.50mm_Horizontal",186.470000,90.000000,90.000000,top
"J5","RS232","PhoenixContact_MC_1,5_3-G-3.5_1x03_P3.50mm_Horizontal",186.470000,75.000000,90.000000,top
"J11","RELAY1","PhoenixContact_MSTBA_2,5_3-G-5,08_1x03_P5.08mm_Horizontal",21.880000,149.470000,180.000000,top
"J12","RELAY2","PhoenixContact_MSTBA_2,5_3-G-5,08_1x03_P5.08mm_Horizontal",44.880000,149.470000,180.000000,top
"J13","RELAY3","PhoenixContact_MSTBA_2,5_3-G-5,08_1x03_P5.08mm_Horizontal",67.880000,149.470000,180.000000,top
"J14","RELAY4","PhoenixContact_MSTBA_2,5_3-G-5,08_1x03_P5.08mm_Horizontal",90.880000,149.470000,180.000000,top
"J15","RELAY5","PhoenixContact_MSTBA_2,5_3-G-5,08_1x03_P5.08mm_Horizontal",113.880000,149.470000,180.000000,top
"J16","RELAY6","PhoenixContact_MSTBA_2,5_3-G-5,08_1x03_P5.08mm_Horizontal",136.880000,149.470000,180.000000,top
"J17","RELAY7","PhoenixContact_MSTBA_2,5_3-G-5,08_1x03_P5.08mm_Horizontal",159.880000,149.470000,180.000000,top
"J18","RELAY8","PhoenixContact_MSTBA_2,5_3-G-5,08_1x03_P5.08mm_Horizontal",182.880000,149.470000,180.000000,top
"J21","SOL1-2","PhoenixContact_MC_1,5_4-G-3.5_1x04_P3.50mm_Horizontal",11.000000,8.530000,0.000000,top
"J22","SOL3-4","PhoenixContact_MC_1,5_4-G-3.5_1x04_P3.50mm_Horizontal",29.000000,8.530000,0.000000,top
"J23","SOL5-6","PhoenixContact_MC_1,5_4-G-3.5_1x04_P3.50mm_Horizontal",47.000000,8.530000,0.000000,top
"J24","SOL7-8","PhoenixContact_MC_1,5_4-G-3.5_1x04_P3.50mm_Horizontal",65.000000,8.530000,0.000000,top
"J31","DI1-4","PhoenixContact_MC_1,5_6-G-3.5_1x06_P3.50mm_Horizontal",84.000000,8.530000,0.000000,top
"J32","DI5-8","PhoenixContact_MC_1,5_6-G-3.5_1x06_P3.50mm_Horizontal",109.000000,8.530000,0.000000,top
"J33","DI9-12","PhoenixContact_MC_1,5_6-G-3.5_1x06_P3.50mm_Horizontal",134.000000,8.530000,0.000000,top
"J34","DI13-16","PhoenixContact_MC_1,5_6-G-3.5_1x06_P3.50mm_Horizontal",159.000000,8.530000,0.000000,top
"J41","AI1-4","PhoenixContact_MC_1,5_8-G-3.5_1x08_P3.50mm_Horizontal",186.470000,42.000000,90.000000,top
"J42","AI5-8","PhoenixContact_MC_1,5_8-G-3.5_1x08_P3.50mm_Horizontal",186.470000,10.500000,90.000000,top
"K1","G5LE-1 24VDC","Relay_SPDT_Omron-G5LE-1",16.800000,144.000000,0.000000,top
"K2","G5LE-1 24VDC","Relay_SPDT_Omron-G5LE-1",39.800000,144.000000,0.000000,top
"K3","G5LE-1 24VDC","Relay_SPDT_Omron-G5LE-1",62.800000,144.000000,0.000000,top
"K4","G5LE-1 24VDC","Relay_SPDT_Omron-G5LE-1",85.800000,144.000000,0.000000,top
"K5","G5LE-1 24VDC","Relay_SPDT_Omron-G5LE-1",108.800000,144.000000,0.000000,top
"K6","G5LE-1 24VDC","Relay_SPDT_Omron-G5LE-1",131.800000,144.000000,0.000000,top
"K7","G5LE-1 24VDC","Relay_SPDT_Omron-G5LE-1",154.800000,144.000000,0.000000,top
"K8","G5LE-1 24VDC","Relay_SPDT_Omron-G5LE-1",177.800000,144.000000,0.000000,top
"K9","G5LE-1 24VDC","Relay_SPDT_Omron-G5LE-1",50.000000,103.000000,90.000000,top
"K10","G5LE-1 24VDC","Relay_SPDT_Omron-G5LE-1",50.000000,84.000000,90.000000,top
"Q1","AO3400A","SOT-23",4.945000,68.275000,0.000000,top
"Q2","AO3400A","SOT-23",34.485000,68.275000,0.000000,top
"Q3","AO3400A","SOT-23",64.025000,68.275000,0.000000,top
"Q4","AO3400A","SOT-23",30.195000,64.325000,0.000000,top
"Q5","AO3400A","SOT-23",59.735000,64.325000,0.000000,top
"Q6","AO3400A","SOT-23",26.045000,60.375000,0.000000,top
"Q7","AO3400A","SOT-23",55.585000,60.375000,0.000000,top
"Q8","AO3400A","SOT-23",21.895000,56.425000,0.000000,top
"Q9","AO3400A","SOT-23",83.245000,111.275000,0.000000,top
"R1","4.7k","R_1206_3216Metric_Pad1.30x1.75mm_HandSolder",22.825000,95.455000,0.000000,top
"R2","100R","R_0805_2012Metric_Pad1.20x1.40mm_HandSolder",87.465000,112.025000,0.000000,top
"R3","100k","R_0805_2012Metric_Pad1.20x1.40mm_HandSolder",81.375000,108.175000,0.000000,top
"R4","4.7k","R_1206_3216Metric_Pad1.30x1.75mm_HandSolder",91.745000,104.055000,0.000000,top
"R5","4.7k","R_1206_3216Metric_Pad1.30x1.75mm_HandSolder",77.625000,100.105001,0.000000,top
"R6","10k","R_1206_3216Metric_Pad1.30x1.75mm_HandSolder",73.475000,88.855001,0.000000,top
"R7","10k","R_1206_3216Metric_Pad1.30x1.75mm_HandSolder",78.825000,88.855001,0.000000,top
"R8","10k","R_0805_2012Metric_Pad1.20x1.40mm_HandSolder",83.575000,89.025000,0.000000,top
"R9","10k","R_0805_2012Metric_Pad1.20x1.40mm_HandSolder",87.725000,89.025000,0.000000,top
"R10","10k","R_0805_2012Metric_Pad1.20x1.40mm_HandSolder",113.325000,82.175000,0.000000,top
"R11","1k","R_0805_2012Metric_Pad1.20x1.40mm_HandSolder",117.475000,82.175000,0.000000,top
"R12","10k","R_0805_2012Metric_Pad1.20x1.40mm_HandSolder",86.394999,69.025000,0.000000,top
"R13","10k","R_0805_2012Metric_Pad1.20x1.40mm_HandSolder",174.995000,69.025000,0.000000,top
"R14","10k","R_0805_2012Metric_Pad1.20x1.40mm_HandSolder",165.935000,101.025000,0.000000,top
"R15","680R","R_0805_2012Metric_Pad1.20x1.40mm_HandSolder",170.085000,101.025000,0.000000,top
"R16","680R","R_0805_2012Metric_Pad1.20x1.40mm_HandSolder",174.235000,101.025000,0.000000,top
"R17","120R","R_0805_2012Metric_Pad1.20x1.40mm_HandSolder",178.385000,101.025000,0.000000,top
"R21","100k","R_0805_2012Metric_Pad1.20x1.40mm_HandSolder",129.704999,101.025000,0.000000,top
"R22","100k","R_0805_2012Metric_Pad1.20x1.40mm_HandSolder",133.855000,101.025000,0.000000,top
"R23","100k","R_0805_2012Metric_Pad1.20x1.40mm_HandSolder",138.005000,101.025000,0.000000,top
"R24","100k","R_0805_2012Metric_Pad1.20x1.40mm_HandSolder",142.155000,101.025000,0.000000,top
"R25","100k","R_0805_2012Metric_Pad1.20x1.40mm_HandSolder",146.305000,101.025000,0.000000,top
"R26","100k","R_0805_2012Metric_Pad1.20x1.40mm_HandSolder",100.875000,82.175000,0.000000,top
"R27","100k","R_0805_2012Metric_Pad1.20x1.40mm_HandSolder",105.025000,82.175000,0.000000,top
"R28","100k","R_0805_2012Metric_Pad1.20x1.40mm_HandSolder",109.175000,82.175000,0.000000,top
"R31","4.7k","R_1206_3216Metric_Pad1.30x1.75mm_HandSolder",14.325000,121.855000,0.000000,top
"R32","4.7k","R_1206_3216Metric_Pad1.30x1.75mm_HandSolder",37.325000,121.855000,0.000000,top
"R33","4.7k","R_1206_3216Metric_Pad1.30x1.75mm_HandSolder",60.325000,121.855000,0.000000,top
"R34","4.7k","R_1206_3216Metric_Pad1.30x1.75mm_HandSolder",83.325000,121.855000,0.000000,top
"R35","4.7k","R_1206_3216Metric_Pad1.30x1.75mm_HandSolder",106.325000,121.855000,0.000000,top
"R36","4.7k","R_1206_3216Metric_Pad1.30x1.75mm_HandSolder",129.325000,121.855000,0.000000,top
"R37","4.7k","R_1206_3216Metric_Pad1.30x1.75mm_HandSolder",152.325000,121.855000,0.000000,top
"R38","4.7k","R_1206_3216Metric_Pad1.30x1.75mm_HandSolder",175.325000,121.855000,0.000000,top
"R41","100R","R_0805_2012Metric_Pad1.20x1.40mm_HandSolder",9.164999,69.025000,0.000000,top
"R42","100R","R_0805_2012Metric_Pad1.20x1.40mm_HandSolder",38.705000,69.025000,0.000000,top
"R43","100R","R_0805_2012Metric_Pad1.20x1.40mm_HandSolder",4.875000,65.075000,0.000000,top
"R44","100R","R_0805_2012Metric_Pad1.20x1.40mm_HandSolder",34.415000,65.075000,0.000000,top
"R45","100R","R_0805_2012Metric_Pad1.20x1.40mm_HandSolder",63.954999,65.075000,0.000000,top
"R46","100R","R_0805_2012Metric_Pad1.20x1.40mm_HandSolder",30.264999,61.125000,0.000000,top
"R47","100R","R_0805_2012Metric_Pad1.20x1.40mm_HandSolder",59.805000,61.125000,0.000000,top
"R48","100R","R_0805_2012Metric_Pad1.20x1.40mm_HandSolder",26.115000,57.175000,0.000000,top
"R51","100k","R_0805_2012Metric_Pad1.20x1.40mm_HandSolder",13.315000,69.025000,0.000000,top
"R52","100k","R_0805_2012Metric_Pad1.20x1.40mm_HandSolder",42.855000,69.025000,0.000000,top
"R53","100k","R_0805_2012Metric_Pad1.20x1.40mm_HandSolder",9.025000,65.075000,0.000000,top
"R54","100k","R_0805_2012Metric_Pad1.20x1.40mm_HandSolder",38.565000,65.075000,0.000000,top
"R55","100k","R_0805_2012Metric_Pad1.20x1.40mm_HandSolder",4.875000,61.125000,0.000000,top
"R56","100k","R_0805_2012Metric_Pad1.20x1.40mm_HandSolder",34.415000,61.125000,0.000000,top
"R57","100k","R_0805_2012Metric_Pad1.20x1.40mm_HandSolder",63.954999,61.125000,0.000000,top
"R58","100k","R_0805_2012Metric_Pad1.20x1.40mm_HandSolder",30.264999,57.175000,0.000000,top
"R61","4.7k","R_1206_3216Metric_Pad1.30x1.75mm_HandSolder",25.515000,68.855001,0.000000,top
"R62","4.7k","R_1206_3216Metric_Pad1.30x1.75mm_HandSolder",55.055000,68.855001,0.000000,top
"R63","4.7k","R_1206_3216Metric_Pad1.30x1.75mm_HandSolder",21.225000,64.905000,0.000000,top
"R64","4.7k","R_1206_3216Metric_Pad1.30x1.75mm_HandSolder",50.765000,64.905000,0.000000,top
"R65","4.7k","R_1206_3216Metric_Pad1.30x1.75mm_HandSolder",17.075000,60.955000,0.000000,top
"R66","4.7k","R_1206_3216Metric_Pad1.30x1.75mm_HandSolder",46.615000,60.955000,0.000000,top
"R67","4.7k","R_1206_3216Metric_Pad1.30x1.75mm_HandSolder",12.925000,57.005000,0.000000,top
"R68","4.7k","R_1206_3216Metric_Pad1.30x1.75mm_HandSolder",42.465000,57.005000,0.000000,top
"R101","4.7k","R_1206_3216Metric_Pad1.30x1.75mm_HandSolder",100.195000,68.855001,0.000000,top
"R102","4.7k","R_1206_3216Metric_Pad1.30x1.75mm_HandSolder",118.995000,68.855001,0.000000,top
"R103","4.7k","R_1206_3216Metric_Pad1.30x1.75mm_HandSolder",137.795000,68.855001,0.000000,top
"R104","4.7k","R_1206_3216Metric_Pad1.30x1.75mm_HandSolder",74.625000,50.005000,0.000000,top
"R105","4.7k","R_1206_3216Metric_Pad1.30x1.75mm_HandSolder",102.475000,50.005000,0.000000,top
"R106","4.7k","R_1206_3216Metric_Pad1.30x1.75mm_HandSolder",121.275000,50.005000,0.000000,top
"R107","4.7k","R_1206_3216Metric_Pad1.30x1.75mm_HandSolder",140.075000,50.005000,0.000000,top
"R108","4.7k","R_1206_3216Metric_Pad1.30x1.75mm_HandSolder",79.775000,38.755000,0.000000,top
"R109","4.7k","R_1206_3216Metric_Pad1.30x1.75mm_HandSolder",107.625000,38.755000,0.000000,top
"R110","4.7k","R_1206_3216Metric_Pad1.30x1.75mm_HandSolder",126.425000,38.755000,0.000000,top
"R111","4.7k","R_1206_3216Metric_Pad1.30x1.75mm_HandSolder",145.225000,38.755000,0.000000,top
"R112","4.7k","R_1206_3216Metric_Pad1.30x1.75mm_HandSolder",83.925000,27.505000,0.000000,top
"R113","4.7k","R_1206_3216Metric_Pad1.30x1.75mm_HandSolder",111.775000,27.505000,0.000000,top
"R114","4.7k","R_1206_3216Metric_Pad1.30x1.75mm_HandSolder",130.575000,27.505000,0.000000,top
"R115","4.7k","R_1206_3216Metric_Pad1.30x1.75mm_HandSolder",70.475000,16.255000,0.000000,top
"R116","4.7k","R_1206_3216Metric_Pad1.30x1.75mm_HandSolder",89.275000,16.255000,0.000000,top
"R121","10k","R_0805_2012Metric_Pad1.20x1.40mm_HandSolder",114.245000,69.025000,0.000000,top
"R122","10k","R_0805_2012Metric_Pad1.20x1.40mm_HandSolder",133.045000,69.025000,0.000000,top
"R123","10k","R_0805_2012Metric_Pad1.20x1.40mm_HandSolder",69.875000,50.175000,0.000000,top
"R124","10k","R_0805_2012Metric_Pad1.20x1.40mm_HandSolder",88.675000,50.175000,0.000000,top
"R125","10k","R_0805_2012Metric_Pad1.20x1.40mm_HandSolder",116.525000,50.175000,0.000000,top
"R126","10k","R_0805_2012Metric_Pad1.20x1.40mm_HandSolder",135.325000,50.175000,0.000000,top
"R127","10k","R_0805_2012Metric_Pad1.20x1.40mm_HandSolder",75.025000,38.925000,0.000000,top
"R128","10k","R_0805_2012Metric_Pad1.20x1.40mm_HandSolder",93.825000,38.925000,0.000000,top
"R129","10k","R_0805_2012Metric_Pad1.20x1.40mm_HandSolder",121.675000,38.925000,0.000000,top
"R130","10k","R_0805_2012Metric_Pad1.20x1.40mm_HandSolder",140.475000,38.925000,0.000000,top
"R131","10k","R_0805_2012Metric_Pad1.20x1.40mm_HandSolder",79.175000,27.675000,0.000000,top
"R132","10k","R_0805_2012Metric_Pad1.20x1.40mm_HandSolder",97.975000,27.675000,0.000000,top
"R133","10k","R_0805_2012Metric_Pad1.20x1.40mm_HandSolder",125.825000,27.675000,0.000000,top
"R134","10k","R_0805_2012Metric_Pad1.20x1.40mm_HandSolder",144.625000,27.675000,0.000000,top
"R135","10k","R_0805_2012Metric_Pad1.20x1.40mm_HandSolder",84.525000,16.425000,0.000000,top
"R136","10k","R_0805_2012Metric_Pad1.20x1.40mm_HandSolder",103.325000,16.425000,0.000000,top
"R141","68k","R_0805_2012Metric_Pad1.20x1.40mm_HandSolder",179.145000,69.025000,0.000000,top
"R142","68k","R_0805_2012Metric_Pad1.20x1.40mm_HandSolder",166.524999,64.975000,0.000000,top
"R143","68k","R_0805_2012Metric_Pad1.20x1.40mm_HandSolder",153.875000,61.125000,0.000000,top
"R144","68k","R_0805_2012Metric_Pad1.20x1.40mm_HandSolder",170.675000,61.125000,0.000000,top
"R145","68k","R_0805_2012Metric_Pad1.20x1.40mm_HandSolder",158.164999,57.275000,0.000000,top
"R146","68k","R_0805_2012Metric_Pad1.20x1.40mm_HandSolder",174.965000,57.275000,0.000000,top
"R147","68k","R_0805_2012Metric_Pad1.20x1.40mm_HandSolder",162.375000,53.425000,0.000000,top
"R148","68k","R_0805_2012Metric_Pad1.20x1.40mm_HandSolder",179.175000,53.425000,0.000000,top
"R151","22k","R_0805_2012Metric_Pad1.20x1.40mm_HandSolder",153.875000,64.975000,0.000000,top
"R152","22k","R_0805_2012Metric_Pad1.20x1.40mm_HandSolder",170.675000,64.975000,0.000000,top
"R153","22k","R_0805_2012Metric_Pad1.20x1.40mm_HandSolder",158.024999,61.125000,0.000000,top
"R154","22k","R_0805_2012Metric_Pad1.20x1.40mm_HandSolder",174.825000,61.125000,0.000000,top
"R155","22k","R_0805_2012Metric_Pad1.20x1.40mm_HandSolder",162.315000,57.275000,0.000000,top
"R156","22k","R_0805_2012Metric_Pad1.20x1.40mm_HandSolder",179.115000,57.275000,0.000000,top
"R157","22k","R_0805_2012Metric_Pad1.20x1.40mm_HandSolder",166.524999,53.425000,0.000000,top
"R158","22k","R_0805_2012Metric_Pad1.20x1.40mm_HandSolder",153.875000,49.575000,0.000000,top
"U1","MCP23017","SOIC-28W_7.5x17.9mm_P1.27mm",104.954999,92.775000,0.000000,top
"U2","ULN2803A","SOIC-18W_7.5x11.6mm_P1.27mm",121.475000,95.955000,0.000000,top
"U3","MCP23017","SOIC-28W_7.5x17.9mm_P1.27mm",73.954999,60.775000,0.000000,top
"U5","TLP291-4","SOIC-16_4.55x10.3mm_P1.27mm",92.995000,64.575000,0.000000,top
"U6","TLP291-4","SOIC-16_4.55x10.3mm_P1.27mm",95.275000,45.725000,0.000000,top
"U7","TLP291-4","SOIC-16_4.55x10.3mm_P1.27mm",100.425000,34.475000,0.000000,top
"U8","TLP291-4","SOIC-16_4.55x10.3mm_P1.27mm",104.575000,23.225000,0.000000,top
"U9","ADS1115","TSSOP-10_3x3mm_P0.5mm",154.975000,68.175000,0.000000,top
"U10","ADS1115","TSSOP-10_3x3mm_P0.5mm",161.325000,68.175000,0.000000,top
"U11","MAX3485","SOIC-8_3.9x4.9mm_P1.27mm",155.725000,99.275000,0.000000,top
"U12","MAX3232","SOIC-16_3.9x9.9mm_P1.27mm",174.375000,90.925000,0.000000,top
"U13","TLP291-4","SOIC-16_4.55x10.3mm_P1.27mm",88.975000,95.825000,0.000000,top
