Qty,References,Value,Footprint,Manufacturer part / spec,Notes
1,J1,24VDC_IN,"PhoenixContact_MSTBA_2,5_2-G-5,08_1x02_P5.08mm_Horizontal","Phoenix 1757242 (MSTBA 2,5/2-G-5,08); plug 1757019",24 V DC field supply input
1,F1,4A T,Fuse_Littelfuse_395Series,Littelfuse 39214000000 (TR5 4 A slow),Main fuse
1,D1,SS54,D_SMC,"SS54 (5 A 40 V Schottky, SMC)",Reverse-polarity protection
1,D2,SMAJ33CA,D_SMA,Littelfuse SMAJ33CA,24 V rail surge clamp
1,C1,47uF 50V,CP_Elec_8x10,Panasonic EEE-FK1H470P,24 V bulk
19,C2 C8 C9 C10 C11 C12 C13 C14 C15 C16 C17 C21 C22 C23 C24 C25 C26 C27 C28,100nF,C_0805_2012Metric_Pad1.18x1.45mm_HandSolder,0805 100nF 50V X7R,
1,F2,0.5A 30V,Fuse_1812_4532Metric,Littelfuse 1812L050/30DR,Sensor / E-stop loop supply
35,R1 R4 R5 R31 R32 R33 R34 R35 R36 R37 R38 R61 R62 R63 R64 R65 R66 R67 R68 R101 R102 R103 R104 R105 R106 R107 R108 R109 R110 R111 R112 R113 R114 R115 R116,4.7k,R_1206_3216Metric_Pad1.30x1.75mm_HandSolder,SMD:R 4.7k 1%,
18,D3 D10 D101 D102 D103 D104 D105 D106 D107 D108 D109 D110 D111 D112 D113 D114 D115 D116,GRN,LED_0805_2012Metric_Pad1.15x1.40mm_HandSolder,0805 GRN LED,24 V present
1,C3,10uF,C_0805_2012Metric_Pad1.18x1.45mm_HandSolder,0805 10uF 16V X5R,3V3 bulk (3V3 comes from the Pi)
1,J2,ESTOP,"PhoenixContact_MC_1,5_2-G-3.5_1x02_P3.50mm_Horizontal",Phoenix 1844210; plug 1840366,E-stop NC loop (or safety-relay output)
10,K1 K2 K3 K4 K5 K6 K7 K8 K9 K10,G5LE-1 24VDC,Relay_SPDT_Omron-G5LE-1,Omron G5LE-1 DC24,E-stop rail relay
18,D4 D5 D121 D122 D123 D124 D125 D126 D127 D128 D129 D130 D131 D132 D133 D134 D135 D136,1N4148W,D_SOD-123,1N4148W,K9 coil flyback
9,Q1 Q2 Q3 Q4 Q5 Q6 Q7 Q8 Q9,AO3400A,SOT-23,AOS AO3400A,K10 coil driver
9,R2 R41 R42 R43 R44 R45 R46 R47 R48,100R,R_0805_2012Metric_Pad1.20x1.40mm_HandSolder,SMD:R 100R 1%,Heartbeat series
2,C4 C5,1uF,C_0805_2012Metric_Pad1.18x1.45mm_HandSolder,0805 1uF 25V X7R,Charge pump coupling (blocks DC: stuck pin = trip)
9,D6 D61 D62 D63 D64 D65 D66 D67 D68,BAT54S,SOT-23,BAT54S,Charge pump diodes
17,R3 R21 R22 R23 R24 R25 R26 R27 R28 R51 R52 R53 R54 R55 R56 R57 R58,100k,R_0805_2012Metric_Pad1.20x1.40mm_HandSolder,SMD:R 100k 1%,"Watchdog bleed, ~100 ms drop-out"
2,D7 D8,SS34,D_SMA,SS34 (3 A 40 V Schottky),ESTOP rail freewheel
2,C6 C7,10uF,C_1210_3225Metric_Pad1.33x2.70mm_HandSolder,1210 10uF 50V X7R,
9,D9 D41 D42 D43 D44 D45 D46 D47 D48,YEL,LED_0805_2012Metric_Pad1.15x1.40mm_HandSolder,0805 YEL LED,E-stop rail live
5,U5 U6 U7 U8 U13,TLP291-4,SOIC-16_4.55x10.3mm_P1.27mm,"Toshiba TLP291-4(GB-TP,E)",Rail status to Pi GPIO5/6
2,R6 R7,10k,R_1206_3216Metric_Pad1.30x1.75mm_HandSolder,SMD:R 10k 1%,
22,R8 R9 R10 R12 R13 R14 R121 R122 R123 R124 R125 R126 R127 R128 R129 R130 R131 R132 R133 R134 R135 R136,10k,R_0805_2012Metric_Pad1.20x1.40mm_HandSolder,SMD:R 10k 1%,
1,J3,RPI5_40PIN,IDC-Header_2x20_P2.54mm_Vertical,2x20 2.54 mm shrouded box header + 40-way IDC ribbon,To Raspberry Pi 5 GPIO header (5 V pins deliberately not connected)
1,R11,1k,R_0805_2012Metric_Pad1.20x1.40mm_HandSolder,SMD:R 1k 1%,
1,D11,BLU,LED_0805_2012Metric_Pad1.15x1.40mm_HandSolder,0805 BLU LED,Software RUN (GPIO26)
2,U1 U3,MCP23017,SOIC-28W_7.5x17.9mm_P1.27mm,Microchip MCP23017-E/SO,"Outputs, I2C 0x20"
1,U2,ULN2803A,SOIC-18W_7.5x11.6mm_P1.27mm,TI ULN2803ADWR,Relay coil drivers
8,JP1 JP2 JP3 JP4 JP5 JP6 JP7 JP8,RAIL_SEL,SolderJumper-3_P1.3mm_Bridged12_RoundedPad1.0x1.5mm,,"Coil rail: 1-2 default (K1 = E-stop rail only, K2-K8 = E-stop + watchdog rail)"
8,D21 D22 D23 D24 D25 D26 D27 D28,RED,LED_0805_2012Metric_Pad1.15x1.40mm_HandSolder,0805 RED LED,K1 energised
1,J11,RELAY1,"PhoenixContact_MSTBA_2,5_3-G-5,08_1x03_P5.08mm_Horizontal","Phoenix 1757255 (MSTBA 2,5/3-G-5,08); plug 1757022",Relay 1 contacts COM/NO/NC
1,J12,RELAY2,"PhoenixContact_MSTBA_2,5_3-G-5,08_1x03_P5.08mm_Horizontal","Phoenix 1757255 (MSTBA 2,5/3-G-5,08); plug 1757022",Relay 2 contacts COM/NO/NC
1,J13,RELAY3,"PhoenixContact_MSTBA_2,5_3-G-5,08_1x03_P5.08mm_Horizontal","Phoenix 1757255 (MSTBA 2,5/3-G-5,08); plug 1757022",Relay 3 contacts COM/NO/NC
1,J14,RELAY4,"PhoenixContact_MSTBA_2,5_3-G-5,08_1x03_P5.08mm_Horizontal","Phoenix 1757255 (MSTBA 2,5/3-G-5,08); plug 1757022",Relay 4 contacts COM/NO/NC
1,J15,RELAY5,"PhoenixContact_MSTBA_2,5_3-G-5,08_1x03_P5.08mm_Horizontal","Phoenix 1757255 (MSTBA 2,5/3-G-5,08); plug 1757022",Relay 5 contacts COM/NO/NC
1,J16,RELAY6,"PhoenixContact_MSTBA_2,5_3-G-5,08_1x03_P5.08mm_Horizontal","Phoenix 1757255 (MSTBA 2,5/3-G-5,08); plug 1757022",Relay 6 contacts COM/NO/NC
1,J17,RELAY7,"PhoenixContact_MSTBA_2,5_3-G-5,08_1x03_P5.08mm_Horizontal","Phoenix 1757255 (MSTBA 2,5/3-G-5,08); plug 1757022",Relay 7 contacts COM/NO/NC
1,J18,RELAY8,"PhoenixContact_MSTBA_2,5_3-G-5,08_1x03_P5.08mm_Horizontal","Phoenix 1757255 (MSTBA 2,5/3-G-5,08); plug 1757022",Relay 8 contacts COM/NO/NC
8,D31 D32 D33 D34 D35 D36 D37 D38,SS14,D_SMA,SS14 (1 A 40 V Schottky),Solenoid flyback
1,J21,SOL1-2,"PhoenixContact_MC_1,5_4-G-3.5_1x04_P3.50mm_Horizontal",Phoenix 1844236; plug 1840382,"Solenoid outputs 1,2 (+24V, OUT-)"
1,J22,SOL3-4,"PhoenixContact_MC_1,5_4-G-3.5_1x04_P3.50mm_Horizontal",Phoenix 1844236; plug 1840382,"Solenoid outputs 3,4 (+24V, OUT-)"
1,J23,SOL5-6,"PhoenixContact_MC_1,5_4-G-3.5_1x04_P3.50mm_Horizontal",Phoenix 1844236; plug 1840382,"Solenoid outputs 5,6 (+24V, OUT-)"
1,J24,SOL7-8,"PhoenixContact_MC_1,5_4-G-3.5_1x04_P3.50mm_Horizontal",Phoenix 1844236; plug 1840382,"Solenoid outputs 7,8 (+24V, OUT-)"
1,J31,DI1-4,"PhoenixContact_MC_1,5_6-G-3.5_1x06_P3.50mm_Horizontal","Phoenix 1844252 (MC 1,5/6-G-3,5); plug 1840395",4 inputs + common + 24 V sensor supply
1,J32,DI5-8,"PhoenixContact_MC_1,5_6-G-3.5_1x06_P3.50mm_Horizontal","Phoenix 1844252 (MC 1,5/6-G-3,5); plug 1840395",4 inputs + common + 24 V sensor supply
1,J33,DI9-12,"PhoenixContact_MC_1,5_6-G-3.5_1x06_P3.50mm_Horizontal","Phoenix 1844252 (MC 1,5/6-G-3,5); plug 1840395",4 inputs + common + 24 V sensor supply
1,J34,DI13-16,"PhoenixContact_MC_1,5_6-G-3.5_1x06_P3.50mm_Horizontal","Phoenix 1844252 (MC 1,5/6-G-3,5); plug 1840395",4 inputs + common + 24 V sensor supply
2,U9 U10,ADS1115,TSSOP-10_3x3mm_P0.5mm,TI ADS1115IDGSR,"Gauges 1-4, I2C 0x48"
8,R141 R142 R143 R144 R145 R146 R147 R148,68k,R_0805_2012Metric_Pad1.20x1.40mm_HandSolder,SMD:R 68k 1%,0-10.5 V -> 0-2.57 V divider (top); AI1 = MechanicalVacuumPump gauge
8,R151 R152 R153 R154 R155 R156 R157 R158,22k,R_0805_2012Metric_Pad1.20x1.40mm_HandSolder,SMD:R 22k 1%,Divider bottom
1,J41,AI1-4,"PhoenixContact_MC_1,5_8-G-3.5_1x08_P3.50mm_Horizontal","Phoenix 1844265 (MC 1,5/8-G-3,5); plug 1840411",Analog in / AGND pairs
1,J42,AI5-8,"PhoenixContact_MC_1,5_8-G-3.5_1x08_P3.50mm_Horizontal","Phoenix 1844265 (MC 1,5/8-G-3,5); plug 1840411",Analog in / AGND pairs
1,U11,MAX3485,SOIC-8_3.9x4.9mm_P1.27mm,MAX3485ESA+ (or SP3485EN),"RS-485 half duplex, UART0 - multi-drop bus to the three turbo pump controllers"
2,R15 R16,680R,R_0805_2012Metric_Pad1.20x1.40mm_HandSolder,SMD:R 680R 1%,Fail-safe bias
1,R17,120R,R_0805_2012Metric_Pad1.20x1.40mm_HandSolder,SMD:R 120R 1%,
1,JP9,TERM,SolderJumper-2_P1.3mm_Open_RoundedPad1.0x1.5mm,,Bridge for 120R termination
2,D12 D13,SMAJ12CA,D_SMA,SMAJ12CA,
1,J4,RS485,"PhoenixContact_MC_1,5_3-G-3.5_1x03_P3.50mm_Horizontal",Phoenix 1844223; plug 1840379,RS-485 A/B/GND
1,U12,MAX3232,SOIC-16_3.9x9.9mm_P1.27mm,TI MAX3232ECDR,"RS-232, UART4"
1,J5,RS232,"PhoenixContact_MC_1,5_3-G-3.5_1x03_P3.50mm_Horizontal",Phoenix 1844223; plug 1840379,RS-232 TXD(out)/RXD(in)/GND
